code,patches,p,rounds,k,N,Fjoint,FX,FZ,Fboth,decodefail,lowconfidence,P_fail_shot,p_round,p_round_low_1sigma,p_round_high_1sigma,X_operational_p_round,Z_operational_p_round,zero_failures,experiment_id,source
w7,1,0.001,7,12,17657406,100,55,47,2,0,0,5.663346020361088e-06,8.090513951699876e-07,7.320904626561891e-07,8.941028086454965e-07,4.4497778132932255e-07,3.80253666573951e-07,False,3ae0b9ba99497e784275f71346f3587197165d00e9a3159f62bb7a0929e8b313,results/points/w7_p0.001_R7_3ae0b9ba9949/result.json
w7,1,0.0015,7,12,2303286,102,49,55,2,0,0,4.428455693300789e-05,6.326485348128503e-06,5.730316059635503e-06,6.984677025430959e-06,3.0391639695209288e-06,3.4113103049147083e-06,False,e1d38c0286127d91acd4c2be05aa646840d03e5c51d211cab469c69d4aab3073,results/points/w7_p0.0015_R7_e1d38c028612/result.json
w7,1,0.002,7,12,445437,102,45,62,5,0,0,0.00022898861118407317,3.271586954986524e-05,2.9632950169941114e-05,3.6119479873189184e-05,1.4432680218470583e-05,1.9885351359105043e-05,False,2bd52dc91245276adadf7db732d349b89469b17380230e8d183baa81783d7177,results/points/w7_p0.002_R7_2bd52dc91245/result.json
w7,1,0.0025,7,12,151326,107,49,64,6,0,0,0.0007070827220702324,0.00010104244100577714,9.173533822852372e-05,0.00011129338509168997,4.6264168797672505e-05,6.0429237302648106e-05,False,6c608635c852e7f1ee138cdc57e0b2a2983e1a06c344eaabd8a1c513254f5223,results/points/w7_p0.0025_R7_6c608635c852/result.json
w7,1,0.003,7,12,44844,109,58,59,8,0,0,0.002430648470252431,0.0003475977584372279,0.0003158635850838026,0.0003825153221730418,0.00018487001067712909,0.00018805922381666065,False,99ecd5ffde71859a4ed41d08347d28c47cf6bee71aa073cfa99c3dacc50b5fe0,results/points/w7_p0.003_R7_99ecd5ffde71/result.json
w7,1,0.0035,7,12,33345,182,108,96,22,0,0,0.005458089668615985,0.000781557205377658,0.0007257466385314663,0.0008416452091478028,0.00046333875080738625,0.0004117929932166324,False,a0856b6bc903978930503b15c931663caf111d48028d278ab4d942c24deb8293,results/points/w7_p0.0035_R7_a0856b6bc903/result.json
w7,1,0.004,7,12,15891,190,105,110,25,0,0,0.01195645333836763,0.0017168825590370275,0.0015968339690495322,0.0018458896926515185,0.0009466145267049625,0.0009918258815999953,False,3a0695c0c0651ca74e1a430d99d75585b092c24c5e542a8a61924c3384bb3e50,results/points/w7_p0.004_R7_3a0695c0c065/result.json
w7,1,0.005,7,12,3253,154,89,95,30,0,0,0.04734091607746695,0.006904364406112735,0.006371139800890131,0.007480884098154235,0.003955100418256497,0.004225153339854537,False,2f115b39042453e4ebc73092b7354de78c58136a05b006d2ea00e8c20aa5391b,results/points/w7_p0.005_R7_2f115b390424/result.json
w7,1,0.006,7,12,1000,103,62,74,33,0,0,0.103,0.015408542819110598,0.013969296832149905,0.01698605844648819,0.0091019428068781,0.01092291332149781,False,81450cf708f64ce2e12d11fcac68e7d3f4a7cf9d146cb172f07933fdbe70e34b,results/points/w7_p0.006_R7_81450cf708f6/result.json
bb72,1,0.001,6,12,27057308,100,47,54,1,0,0,3.6958591741647026e-06,6.159774775973035e-07,5.573826795410327e-07,6.807320332224903e-07,2.8950917818173143e-07,3.3262760227750506e-07,False,542d8f50dc1bed9ccbe2b5778fb32fdd3b9d6bb310e1c05b96c99062c52385cf,results/points/bb72_p0.001_R6_542d8f50dc1b/result.json
bb72,1,0.0015,6,12,4606420,101,49,53,1,0,0,2.1925920780128604e-05,3.654353515607806e-06,3.308373262055352e-06,4.036514887564054e-06,1.7728958417523739e-06,1.917622726744404e-06,False,155eee08ce1143a68f7d72a138bc1c61d2050c3a9d310c7b004369ea5133f280,results/points/bb72_p0.0015_R6_155eee08ce11/result.json
bb72,1,0.002,6,12,939568,100,51,51,2,0,0,0.00010643189210360506,1.773943538424587e-05,1.6051982462422996e-05,1.9604268389169393e-05,9.04691544303583e-06,9.04691544303583e-06,False,8b5551574e1d141286a61332f4be6f849b8c8484772bdb6a9f12d8de8b16ced2,results/points/bb72_p0.002_R6_8b5551574e1d/result.json
bb72,1,0.0025,6,12,321457,104,60,45,1,0,0,0.00032352694139496104,5.392842706449974e-05,4.889331581733273e-05,5.948195410881316e-05,3.11107793506256e-05,2.33326307989455e-05,False,000f80667fa2344020da2fb23a52842d556d79609af37691972709b1ac678424,results/points/bb72_p0.0025_R6_000f80667fa2/result.json
bb72,1,0.003,6,12,147792,110,60,53,3,0,0,0.000744289271408466,0.00012408669930561152,0.00011280654454752677,0.00013649428071974777,6.767410946680643e-05,5.977761661276223e-05,False,de4abca5119987b7c45918b97176330f0a97772515c2e5f2b9d9f1f3cc1b2b6a,results/points/bb72_p0.003_R6_de4abca51199/result.json
bb72,1,0.0035,6,12,55406,113,61,58,6,0,0,0.002039490307908891,0.0003402042674610209,0.0003096738787168413,0.00037374067474967357,0.00018357819752263296,0.0001745458202428672,False,6daca99d840b576d866799462d7113d6740dbff646f46ad9dd778aeceb6cc9e0,results/points/bb72_p0.0035_R6_6daca99d840b/result.json
bb72,1,0.004,6,12,28905,127,60,74,7,0,0,0.0043937035115032,0.0007336281287321143,0.0006713687220635712,0.0008016449663238425,0.00034626050891904073,0.00042714098177190797,False,f8e3de65bd29ef02903db179e9c77168e4691ad90c18d40484a49fe13cc6a772,results/points/bb72_p0.004_R6_f8e3de65bd29/result.json
bb72,1,0.005,6,12,8363,149,70,91,12,0,0,0.017816573000119573,0.0029917156837486305,0.002756700692201386,0.0032465386530818752,0.0013999240126207732,0.0018218212375889806,False,d1c5716be1fd732c6722887103c2f549febb48ede51599a9608af23e84c918b2,results/points/bb72_p0.005_R6_d1c5716be1fd/result.json
bb72,1,0.006,6,12,3126,135,77,77,19,0,0,0.04318618042226487,0.007330740139449271,0.006727847241605313,0.007986150527367375,0.004148133294025121,0.004148133294025121,False,8217e7a6884a9b5090f5df83c32354cd429ca8f4c91238dc9546b939367af929,results/points/bb72_p0.006_R6_8217e7a6884a/result.json
surface7,1,0.001,7,1,27540360,100,54,46,0,0,0,3.631034597950063e-06,5.187200354893082e-07,4.693768401200293e-07,5.732504176523398e-07,2.801086186528383e-07,2.3861101581372964e-07,False,01b415948fb220db233c219036db8105614b05353f7a852ab466665b1bd298ce,results/points/surface7_p0.001_R7_01b415948fb2/result.json
surface7,12,0.001,7,12,27540360,100,54,46,0,0,0,4.357154501472415e-05,6.224622667251039e-06,5.6325075406983114e-06,6.878983323210792e-06,3.3612982454235705e-06,2.863328432043431e-06,False,01b415948fb220db233c219036db8105614b05353f7a852ab466665b1bd298ce,results/points/surface7_p0.001_R7_01b415948fb2/result.json
surface7,1,0.0015,7,1,5320536,100,49,51,0,0,0,1.8795098839665777e-05,2.685035748106372e-06,2.429622133888534e-06,2.9672993564522696e-06,1.3156621116655939e-06,1.3693628266264632e-06,False,3a3331132f5b9f730da13ccc96d27a2a4bf9190fb3c5ebda3b7cd0fe1c885c22,results/points/surface7_p0.0015_R7_3a3331132f5b/result.json
surface7,12,0.0015,7,12,5320536,100,49,51,0,0,0,0.00022551787265774647,3.221995316001517e-05,2.9155076007612586e-05,3.5607011162053994e-05,1.578783109667987e-05,1.6432230159882104e-05,False,3a3331132f5b9f730da13ccc96d27a2a4bf9190fb3c5ebda3b7cd0fe1c885c22,results/points/surface7_p0.0015_R7_3a3331132f5b/result.json
surface7,1,0.002,7,1,1658902,100,63,37,0,0,0,6.0280836360436e-05,8.611770536072825e-06,7.792578611758757e-06,9.517076428006145e-06,5.425363575350552e-06,3.186303236474817e-06,False,842888d87e78aa042ef61b7862ef8829ce333680138caf23b02cdd95fdb17e0a,results/points/surface7_p0.002_R7_842888d87e78/result.json
surface7,12,0.002,7,12,1658902,100,63,37,0,0,0,0.0007231302550797591,0.00010333635184232229,9.350693564263323e-05,0.00011419893939262454,6.510242025772367e-05,3.8234968777945764e-05,False,842888d87e78aa042ef61b7862ef8829ce333680138caf23b02cdd95fdb17e0a,results/points/surface7_p0.002_R7_842888d87e78/result.json
surface7,1,0.0025,7,1,839328,101,42,59,0,0,0,0.00012033436272827786,1.719150986552706e-05,1.5563889647977926e-05,1.8989328305480787e-05,7.1487293148258775e-06,1.0042349784540607e-05,False,70c63b9914115d29dadf537796499dcbc1478add19db6d4dbc525aa07fbbd673,results/points/surface7_p0.0025_R7_70c63b991411/result.json
surface7,12,0.0025,7,12,839328,101,42,59,0,0,0,0.0014430570322978957,0.00020627861333532698,0.00018675068911750672,0.00022784814192923733,8.578137897244817e-05,0.00012050154161720232,False,70c63b9914115d29dadf537796499dcbc1478add19db6d4dbc525aa07fbbd673,results/points/surface7_p0.0025_R7_70c63b991411/result.json
surface7,1,0.003,7,1,276426,100,53,47,0,0,0,0.00036176047115683764,5.1688081591026704e-05,4.6771331630502326e-05,5.712157772740032e-05,2.73926866483799e-05,2.4291401779750856e-05,False,cb99868c81170651ded4a875fdf8c3095fe91f2f6cff7bafbf9a1b5b561ee28a,results/points/surface7_p0.003_R7_cb99868c8117/result.json
surface7,12,0.003,7,12,276426,100,53,47,0,0,0,0.0043324985989098294,0.0006200806800558329,0.0005611116232804295,0.0006852436240008784,0.0003286627205896387,0.0002914578797450197,False,cb99868c81170651ded4a875fdf8c3095fe91f2f6cff7bafbf9a1b5b561ee28a,results/points/surface7_p0.003_R7_cb99868c8117/result.json
surface7,1,0.0035,7,1,144355,101,55,46,0,0,0,0.0006996640227217623,9.998198744260596e-05,9.051634244182597e-05,0.00011043705440248886,5.4438198444049004e-05,4.552891272148969e-05,False,305b001c0ecdec99d1ba7ca88492a511f827b6691c84fb4f24602fbdca4f84d1,results/points/surface7_p0.0035_R7_305b001c0ecd/result.json
surface7,12,0.0035,7,12,144355,101,55,46,0,0,0,0.008363734542419815,0.0011991243068872975,0.0010856555206804842,0.0013244399904434338,0.0006530628246648333,0.0005462101632135048,False,305b001c0ecdec99d1ba7ca88492a511f827b6691c84fb4f24602fbdca4f84d1,results/points/surface7_p0.0035_R7_305b001c0ecd/result.json
surface7,1,0.004,7,1,77575,101,46,57,2,0,0,0.0013019658395101515,0.0001860989862083462,0.00016848079047294634,0.0002055580186174621,8.473218426871868e-05,0.00010500061252908014,False,cd5dcad732dd43e493be1546893b64e401247de15bbbe32f8e764e63142cbd52,results/points/surface7_p0.004_R7_cd5dcad732dd/result.json
surface7,12,0.004,7,12,77575,101,46,57,2,0,0,0.015512196597636061,0.0022309034848802495,0.002019897076151346,0.002463909362838027,0.00101631249519219,0.0012592799464810822,False,cd5dcad732dd43e493be1546893b64e401247de15bbbe32f8e764e63142cbd52,results/points/surface7_p0.004_R7_cd5dcad732dd/result.json
surface7,1,0.005,7,1,29328,114,57,59,2,0,0,0.0038870703764320785,0.0005562230603860391,0.000506518924189011,0.0006107926940231516,0.00027787942770464847,0.0002876380029564001,False,06ca6ea7f5ead46022eb2b260079744a3f1eec2b6d1feca3cb300ceed8a4a9c2,results/points/surface7_p0.005_R7_06ca6ea7f5ea/result.json
surface7,12,0.005,7,12,29328,114,57,59,2,0,0,0.0456604381637237,0.0066542951862069355,0.006061322593661936,0.007304939921004124,0.0033294615296091614,0.003446200716660761,False,06ca6ea7f5ead46022eb2b260079744a3f1eec2b6d1feca3cb300ceed8a4a9c2,results/points/surface7_p0.005_R7_06ca6ea7f5ea/result.json
surface7,1,0.006,7,1,16567,113,54,65,6,0,0,0.006820788314118428,0.0009772587726923053,0.0008895745581012144,0.0010735488059670337,0.00046629346218913056,0.0005614393730775282,False,24705c828438575cbd319eb2a9b9031e48e9fe86f351490f532e236c449cfb5d,results/points/surface7_p0.006_R7_24705c828438/result.json
surface7,12,0.006,7,12,16567,113,54,65,6,0,0,0.07884768328394734,0.011664277860276977,0.010622820627514096,0.012806791750639306,0.005581193474674961,0.006716507226797026,False,24705c828438575cbd319eb2a9b9031e48e9fe86f351490f532e236c449cfb5d,results/points/surface7_p0.006_R7_24705c828438/result.json
